<Server port="8015" shutdown="SHUTDOWN">

    <Service name="Catalina">
        <Connector port="8081" sendReasonPhrase="true"/>

        <!-- Must be at least the value of artifactory.access.client.max.connections -->
        <Connector port="8040" sendReasonPhrase="true" maxThreads="50"/>

        <!-- This is the optional AJP connector -->
        <Connector port="8019" protocol="AJP/1.3" sendReasonPhrase="true"/>

        <Engine name="Catalina" defaultHost="localhost">
            <Host name="localhost" appBase="webapps" startStopThreads="2"/>
        </Engine>
    </Service>

</Server>

